Content_ID,Story_Beat,Gap_Description,Why_It_Matters,Coverage_Method,Stills_Narration_Treatment,Stock_Search_Keywords_1,Stock_Search_Keywords_2,Stock_Search_Keywords_3,Stock_Search_Keywords_4,Stock_Cost_Estimate,Stock_Source,Status,Notes
WWC003,The 2023 Farewell Lap,No goodbye footage; fall feels abrupt,Audience needs to feel something was lost,(a) Stills + narration,"Raul clapping fans; empty pitch under floodlights. Narration: 'They thought they'd never see him in gold and black again. The lap. The wave. The end of an era.'",N/A,N/A,N/A,N/A,0,Internal archive / Getty,Pending,Check Wolves media server for 2023 Southampton or Brighton final match footage
WWC003,Medical / Surgery Aftermath,Injury arc needs hospital/headguard visual or fall plays like highlight not trauma,Trauma-to-triumph needs weight,(a) Stills + narration,"Headguard close-up; hospital corridor; X-ray silhouette. Narration: 'Titanium in his skull. They said he might never play again. He wore the headguard but never the doubt.'",N/A,N/A,N/A,N/A,0,Getty / Wolves archive,Pending,Headguard photo exists from 2021 season; source high-res
WWC005,The Fulham Years (2023-26),Three-year detour invisible; return lacks weight,Need to show him in another shirt to make homecoming meaningful,(a) Stills + narration,"Raul in Fulham white; Craven Cottage wide shot. Narration: 'Three seasons in white. 31 goals. But every time he scored you heard it... Si Señor. He never left our hearts.'",N/A,N/A,N/A,N/A,0,Getty / AP,Pending,Source Fulham goal celebration stills from 2023-26
WWC007,World Cup Mexico Camp / Fans,Reactive asset #8 has no current tournament footage,Mexican energy needed to ride the moment,(b) Stock keywords,Mexico World Cup 2026 training camp,Mexican football fans waving flags stadium,El Tri national team huddle,soccer stadium sunset silhouette Mexico,50,Shutterstock / Pond5,Pending,Purchase before Thursday if Mexico advance
WWC008,150th Anniversary Stadium Imagery,Homecoming needs visual anchor for 'why now',Timing and history must be visual,(b) Stock keywords,Molineux stadium night aerial gold lights,Wolves 150th anniversary banner,historic English football stadium foggy night,football crowd roaring black and gold confetti,75,Shutterstock / Getty,Pending,Test 2-3 options; select most cinematic
DOC-002,Rehabilitation Road (2021),Gym sessions; running alone in tunnels; unseen fight,Grit and isolation; emotional engine,(a) Stills + narration,"Treadmill alone; headguard in gym; empty tunnel run. Narration: '336 days. Not one headline. Just one man and a headguard against silence.'",N/A,N/A,N/A,N/A,0,Wolves BTS / BBC Code Red,Pending,Contact Wolves media for BTS archive; BBC doc may have rights issues
DOC-004,Molineux Return as Opponent (2025/26),Wolves fans sing 'Si Señor' to Raul in Fulham white,Love transcends rivalry; foreshadows homecoming,(a) Stills + narration,"Fulham white kit; Molineux away end; fans with hands on hearts. Narration: 'They sang his song in the away end. That's when he knew.'",N/A,N/A,N/A,N/A,0,Getty / Wolves Twitter,Pending,Source from 2025-26 match; check Wolves TV archive
DOC-005,Nuno / Coady Raw Emotion (Nov 2020),Teammates speaking through tears about injury,Brotherhood and humanity anchors the fall,(a) Stills + narration,"Coady interview still; Nuno sideline bowed head. Narration: 'Conor Coady stood three feet away. He thought he'd lost his friend.'",N/A,N/A,N/A,N/A,0,BBC Sport / Wolves TV,Pending,Extract from BBC Sport interview Nov 2020; geo-lock possible
DOC-001,Lucha Mask Celebration (2019-20),Wrestling mask pulled from shorts; cult hero born,Visual icon; Mexican identity; pure joy,(a) Stills + narration,"Mask reveal freeze-frame; gold-black shorts; fist pump. Narration: 'He didn't just score. He pulled a lucha mask from his shorts and became a legend.'",N/A,N/A,N/A,N/A,0,Getty / Wolves YouTube,Pending,Exists in Wolves YouTube 'Every Goal' compilation; extract at 0:45
